timestamp,author,numberOfCommits
1591959747572,a.UB0SCtpSzSvKSpHC,1
1591959754292,a.UB0SCtpSzSvKSpHC,1
1591959833893,a.VN4ecbVhpk0L7w60,1
1591959900116,a.UB0SCtpSzSvKSpHC,1
1591959903540,a.UB0SCtpSzSvKSpHC,1
1591959992814,a.UB0SCtpSzSvKSpHC,1
1591960112790,a.VN4ecbVhpk0L7w60,1
1591960166187,a.VN4ecbVhpk0L7w60,1
1591960258098,a.UB0SCtpSzSvKSpHC,1
1591960260937,a.VN4ecbVhpk0L7w60,1
1591960422659,a.UB0SCtpSzSvKSpHC,1
1591960456342,a.UB0SCtpSzSvKSpHC,1
1591960456839,a.UB0SCtpSzSvKSpHC,1
1591960535599,a.UB0SCtpSzSvKSpHC,1
1591960558141,a.UB0SCtpSzSvKSpHC,1
1591960625228,a.UB0SCtpSzSvKSpHC,1
1591960629111,a.VN4ecbVhpk0L7w60,1
1591960643703,a.UB0SCtpSzSvKSpHC,1
1591960644242,a.UB0SCtpSzSvKSpHC,1
1591960691091,a.VN4ecbVhpk0L7w60,1
1591960930001,a.UB0SCtpSzSvKSpHC,1
1591960996694,a.UB0SCtpSzSvKSpHC,1
1591961047149,a.UB0SCtpSzSvKSpHC,1
1591961049028,a.VN4ecbVhpk0L7w60,1
1591961051489,a.VN4ecbVhpk0L7w60,1
1591961051991,a.VN4ecbVhpk0L7w60,1
1591961068115,a.VN4ecbVhpk0L7w60,1
1591961068631,a.VN4ecbVhpk0L7w60,1
1591962031089,a.VN4ecbVhpk0L7w60,1
1591962049207,a.VN4ecbVhpk0L7w60,1
1591962066163,a.VN4ecbVhpk0L7w60,1
1591962094172,a.VN4ecbVhpk0L7w60,1
1591962228691,a.UB0SCtpSzSvKSpHC,1
1591962233660,a.UB0SCtpSzSvKSpHC,1
1591962234171,a.UB0SCtpSzSvKSpHC,1
1591962234669,a.UB0SCtpSzSvKSpHC,1
1591962235168,a.UB0SCtpSzSvKSpHC,1
1591962237768,a.UB0SCtpSzSvKSpHC,1
1591962288229,a.VN4ecbVhpk0L7w60,1
1591962291889,a.UB0SCtpSzSvKSpHC,1
1591962294740,a.UB0SCtpSzSvKSpHC,1
1591963224455,a.UB0SCtpSzSvKSpHC,1
1591963317860,a.UB0SCtpSzSvKSpHC,1
1591963318357,a.UB0SCtpSzSvKSpHC,1
1591963324972,a.VN4ecbVhpk0L7w60,1
1591963367428,a.VN4ecbVhpk0L7w60,1
1591963413296,a.VN4ecbVhpk0L7w60,1
1591964666905,a.UB0SCtpSzSvKSpHC,1
1591964667406,a.UB0SCtpSzSvKSpHC,1
1591964882819,a.UB0SCtpSzSvKSpHC,1
1591972916126,a.VN4ecbVhpk0L7w60,1
1591972916687,a.VN4ecbVhpk0L7w60,1
1591972929608,a.VN4ecbVhpk0L7w60,1
1591972935133,a.UB0SCtpSzSvKSpHC,1
1591972935645,a.UB0SCtpSzSvKSpHC,1
1591973310295,a.VN4ecbVhpk0L7w60,1
1591973310799,a.VN4ecbVhpk0L7w60,1
1591973314165,a.UB0SCtpSzSvKSpHC,1
1591973314673,a.UB0SCtpSzSvKSpHC,1
1591973315163,a.UB0SCtpSzSvKSpHC,1
1591973315671,a.UB0SCtpSzSvKSpHC,1
1591973316164,a.UB0SCtpSzSvKSpHC,1
1591973316665,a.UB0SCtpSzSvKSpHC,1
1591973318772,a.UB0SCtpSzSvKSpHC,1
1591973319273,a.UB0SCtpSzSvKSpHC,1
1591973319772,a.UB0SCtpSzSvKSpHC,1
1591973320280,a.UB0SCtpSzSvKSpHC,1
1591973320781,a.UB0SCtpSzSvKSpHC,1
1591973321279,a.UB0SCtpSzSvKSpHC,1
1591973372160,a.UB0SCtpSzSvKSpHC,1
1591973372669,a.UB0SCtpSzSvKSpHC,1
1591973373165,a.UB0SCtpSzSvKSpHC,1
1591973439808,a.VN4ecbVhpk0L7w60,1
1591973440303,a.VN4ecbVhpk0L7w60,1
1591973444283,a.VN4ecbVhpk0L7w60,1
1591973447642,a.UB0SCtpSzSvKSpHC,1
1591973448152,a.UB0SCtpSzSvKSpHC,1
1591973451727,a.UB0SCtpSzSvKSpHC,1
1591973452235,a.UB0SCtpSzSvKSpHC,1
1591973452738,a.UB0SCtpSzSvKSpHC,1
1591973453236,a.UB0SCtpSzSvKSpHC,1
1591973463416,a.VN4ecbVhpk0L7w60,1
1591973463925,a.VN4ecbVhpk0L7w60,1
1591973464449,a.VN4ecbVhpk0L7w60,1
1591973464925,a.VN4ecbVhpk0L7w60,1
1591973467370,a.VN4ecbVhpk0L7w60,1
1591973467873,a.VN4ecbVhpk0L7w60,1
1591973468372,a.VN4ecbVhpk0L7w60,1
1591973468872,a.VN4ecbVhpk0L7w60,1
1591973470316,a.VN4ecbVhpk0L7w60,1
1591973470822,a.VN4ecbVhpk0L7w60,1
1591973471318,a.VN4ecbVhpk0L7w60,1
1591973472691,a.VN4ecbVhpk0L7w60,1
1591973473194,a.VN4ecbVhpk0L7w60,1
1591973475205,a.VN4ecbVhpk0L7w60,1
1591973475699,a.VN4ecbVhpk0L7w60,1
1591973477251,a.VN4ecbVhpk0L7w60,1
1591973477753,a.VN4ecbVhpk0L7w60,1
1591973479399,a.VN4ecbVhpk0L7w60,1
1591973481567,a.VN4ecbVhpk0L7w60,1
1591973482065,a.VN4ecbVhpk0L7w60,1
1591973482567,a.VN4ecbVhpk0L7w60,1
1591973485033,a.VN4ecbVhpk0L7w60,1
1591973485533,a.VN4ecbVhpk0L7w60,1
1591973486034,a.VN4ecbVhpk0L7w60,1
1591973492299,a.UB0SCtpSzSvKSpHC,1
1591973492802,a.UB0SCtpSzSvKSpHC,1
1591973493303,a.UB0SCtpSzSvKSpHC,1
1591973493908,a.UB0SCtpSzSvKSpHC,1
1591973494408,a.UB0SCtpSzSvKSpHC,1
1591973494906,a.UB0SCtpSzSvKSpHC,1
1591973497330,a.UB0SCtpSzSvKSpHC,1
1591973497825,a.UB0SCtpSzSvKSpHC,1
1591973498323,a.UB0SCtpSzSvKSpHC,1
1591973498827,a.UB0SCtpSzSvKSpHC,1
1591973500487,a.UB0SCtpSzSvKSpHC,1
1591973501008,a.UB0SCtpSzSvKSpHC,1
1591973502582,a.UB0SCtpSzSvKSpHC,1
1591973503074,a.UB0SCtpSzSvKSpHC,1
1591973504355,a.UB0SCtpSzSvKSpHC,1
1591973504860,a.UB0SCtpSzSvKSpHC,1
1591973505746,a.UB0SCtpSzSvKSpHC,1
1591973506255,a.UB0SCtpSzSvKSpHC,1
1591973506859,a.UB0SCtpSzSvKSpHC,1
1591973509401,a.UB0SCtpSzSvKSpHC,1
1591973509913,a.UB0SCtpSzSvKSpHC,1
1591973510416,a.UB0SCtpSzSvKSpHC,1
1591973512272,a.UB0SCtpSzSvKSpHC,1
1591973512776,a.UB0SCtpSzSvKSpHC,1
1591973516867,a.UB0SCtpSzSvKSpHC,1
1591973523333,a.UB0SCtpSzSvKSpHC,1
1591973523834,a.UB0SCtpSzSvKSpHC,1
1591973524332,a.UB0SCtpSzSvKSpHC,1
1591973524834,a.UB0SCtpSzSvKSpHC,1
1591973526688,a.UB0SCtpSzSvKSpHC,1
1591973528501,a.UB0SCtpSzSvKSpHC,1
1591973529484,a.UB0SCtpSzSvKSpHC,1
1591973529987,a.UB0SCtpSzSvKSpHC,1
1591973538068,a.UB0SCtpSzSvKSpHC,1
1591973538569,a.UB0SCtpSzSvKSpHC,1
1591973539067,a.UB0SCtpSzSvKSpHC,1
1591973541631,a.UB0SCtpSzSvKSpHC,1
1591973542123,a.UB0SCtpSzSvKSpHC,1
1591973542625,a.UB0SCtpSzSvKSpHC,1
1591973543370,a.UB0SCtpSzSvKSpHC,1
1591973543871,a.UB0SCtpSzSvKSpHC,1
1591973544367,a.UB0SCtpSzSvKSpHC,1
1591973544869,a.UB0SCtpSzSvKSpHC,1
1591973545368,a.UB0SCtpSzSvKSpHC,1
1591973545874,a.UB0SCtpSzSvKSpHC,1
1591973546485,a.UB0SCtpSzSvKSpHC,1
1591973546984,a.UB0SCtpSzSvKSpHC,1
1591973557790,a.UB0SCtpSzSvKSpHC,1
1591973558289,a.UB0SCtpSzSvKSpHC,1
1591973558788,a.UB0SCtpSzSvKSpHC,1
1591973559288,a.UB0SCtpSzSvKSpHC,1
1591973559793,a.UB0SCtpSzSvKSpHC,1
1591973560289,a.UB0SCtpSzSvKSpHC,1
1591973560790,a.UB0SCtpSzSvKSpHC,1
1591973563356,a.UB0SCtpSzSvKSpHC,1
1591973563851,a.UB0SCtpSzSvKSpHC,1
1591973564358,a.UB0SCtpSzSvKSpHC,1
1591973564857,a.UB0SCtpSzSvKSpHC,1
1591975918617,a.VN4ecbVhpk0L7w60,1
1591975919128,a.VN4ecbVhpk0L7w60,1
1591975919641,a.VN4ecbVhpk0L7w60,1
1591975920132,a.VN4ecbVhpk0L7w60,1
1591975920630,a.VN4ecbVhpk0L7w60,1
1591975921135,a.VN4ecbVhpk0L7w60,1
1591975921637,a.VN4ecbVhpk0L7w60,1
1591975922135,a.VN4ecbVhpk0L7w60,1
1591975922633,a.VN4ecbVhpk0L7w60,1
1591975923142,a.VN4ecbVhpk0L7w60,1
1591975923644,a.VN4ecbVhpk0L7w60,1
1591975924139,a.VN4ecbVhpk0L7w60,1
1591975924703,a.VN4ecbVhpk0L7w60,1
1591975925182,a.VN4ecbVhpk0L7w60,1
1591975925685,a.VN4ecbVhpk0L7w60,1
1591975926190,a.VN4ecbVhpk0L7w60,1
1591975926686,a.VN4ecbVhpk0L7w60,1
1591975927189,a.VN4ecbVhpk0L7w60,1
1591975928295,a.VN4ecbVhpk0L7w60,1
1591975928792,a.VN4ecbVhpk0L7w60,1
1591975929293,a.VN4ecbVhpk0L7w60,1
1591975929790,a.VN4ecbVhpk0L7w60,1
1591975930294,a.VN4ecbVhpk0L7w60,1
1591975930796,a.VN4ecbVhpk0L7w60,1
1591975931292,a.VN4ecbVhpk0L7w60,1
1591975945649,a.8ZKiNqXCODN7JMYZ,1
1591975946198,a.8ZKiNqXCODN7JMYZ,1
1591975946700,a.8ZKiNqXCODN7JMYZ,1
1591975947200,a.8ZKiNqXCODN7JMYZ,1
1591975947700,a.8ZKiNqXCODN7JMYZ,1
1591975948194,a.8ZKiNqXCODN7JMYZ,1
1591975948696,a.8ZKiNqXCODN7JMYZ,1
1591975949201,a.8ZKiNqXCODN7JMYZ,1
1591975949699,a.8ZKiNqXCODN7JMYZ,1
1591975951982,a.VN4ecbVhpk0L7w60,1
1591975952483,a.VN4ecbVhpk0L7w60,1
1591975952991,a.VN4ecbVhpk0L7w60,1
1591975953495,a.VN4ecbVhpk0L7w60,1
1591975954015,a.VN4ecbVhpk0L7w60,1
1591975954512,a.VN4ecbVhpk0L7w60,1
1591975954997,a.VN4ecbVhpk0L7w60,1
1591975955505,a.VN4ecbVhpk0L7w60,1
1591975956014,a.VN4ecbVhpk0L7w60,1
1591975956506,a.VN4ecbVhpk0L7w60,1
1591975957003,a.VN4ecbVhpk0L7w60,1
1591975958966,a.VN4ecbVhpk0L7w60,1
1591975985689,a.VN4ecbVhpk0L7w60,1
1591976175799,a.VN4ecbVhpk0L7w60,1
1591976176289,a.VN4ecbVhpk0L7w60,1
1591976176798,a.VN4ecbVhpk0L7w60,1
1591976177303,a.VN4ecbVhpk0L7w60,1
1591976177797,a.VN4ecbVhpk0L7w60,1
1591976178292,a.VN4ecbVhpk0L7w60,1
1591976178798,a.VN4ecbVhpk0L7w60,1
1591976179319,a.VN4ecbVhpk0L7w60,1
1591976179824,a.VN4ecbVhpk0L7w60,1
1591976180322,a.VN4ecbVhpk0L7w60,1
1591976180816,a.VN4ecbVhpk0L7w60,1
1591976181323,a.VN4ecbVhpk0L7w60,1
1591976181837,a.VN4ecbVhpk0L7w60,1
1591976182330,a.VN4ecbVhpk0L7w60,1
1591976182845,a.VN4ecbVhpk0L7w60,1
1591976183340,a.VN4ecbVhpk0L7w60,1
1591976183843,a.VN4ecbVhpk0L7w60,1
1591976198720,a.8ZKiNqXCODN7JMYZ,1
1591976199217,a.8ZKiNqXCODN7JMYZ,1
1591976199713,a.8ZKiNqXCODN7JMYZ,1
1591976200215,a.8ZKiNqXCODN7JMYZ,1
1591976205916,a.8ZKiNqXCODN7JMYZ,1
1591976207114,a.8ZKiNqXCODN7JMYZ,1
1591976207613,a.8ZKiNqXCODN7JMYZ,1
1591976211499,a.8ZKiNqXCODN7JMYZ,1
1591976211994,a.8ZKiNqXCODN7JMYZ,1
1591976233386,a.VN4ecbVhpk0L7w60,1
1591976233900,a.VN4ecbVhpk0L7w60,1
1591976234639,a.VN4ecbVhpk0L7w60,1
1591976235137,a.VN4ecbVhpk0L7w60,1
1591976235637,a.VN4ecbVhpk0L7w60,1
1591976236147,a.VN4ecbVhpk0L7w60,1
1591976236642,a.VN4ecbVhpk0L7w60,1
1591976238069,a.VN4ecbVhpk0L7w60,1
1591976247656,a.8ZKiNqXCODN7JMYZ,1
1591976248172,a.8ZKiNqXCODN7JMYZ,1
1591976248666,a.8ZKiNqXCODN7JMYZ,1
1591976249171,a.8ZKiNqXCODN7JMYZ,1
1591976249701,a.8ZKiNqXCODN7JMYZ,1
1591976257007,a.8ZKiNqXCODN7JMYZ,1
1591976257502,a.8ZKiNqXCODN7JMYZ,1
1591976258007,a.8ZKiNqXCODN7JMYZ,1
1591976258508,a.8ZKiNqXCODN7JMYZ,1
1591976259010,a.8ZKiNqXCODN7JMYZ,1
1591976426103,a.USBeLpgoWeq4Juqp,1
1591976426604,a.USBeLpgoWeq4Juqp,1
1591976442318,a.JbE7tw6fts9OMctz,1
1591976442846,a.JbE7tw6fts9OMctz,1
1591976443344,a.JbE7tw6fts9OMctz,1
1591976443839,a.JbE7tw6fts9OMctz,1
1591976444344,a.JbE7tw6fts9OMctz,1
1591976444841,a.JbE7tw6fts9OMctz,1
1591976445401,a.JbE7tw6fts9OMctz,1
1591976445844,a.JbE7tw6fts9OMctz,1
1591976446346,a.JbE7tw6fts9OMctz,1
1591976446844,a.JbE7tw6fts9OMctz,1
1591976447346,a.JbE7tw6fts9OMctz,1
1591976447859,a.JbE7tw6fts9OMctz,1
1591976448388,a.JbE7tw6fts9OMctz,1
1591976448903,a.JbE7tw6fts9OMctz,1
1591976449411,a.JbE7tw6fts9OMctz,1
1591976449915,a.JbE7tw6fts9OMctz,1
1591976450403,a.JbE7tw6fts9OMctz,1
1591976451348,a.JbE7tw6fts9OMctz,1
1591976468149,a.JbE7tw6fts9OMctz,1
1591976468660,a.JbE7tw6fts9OMctz,1
1591976469151,a.JbE7tw6fts9OMctz,1
1591976469658,a.JbE7tw6fts9OMctz,1
1591976470159,a.JbE7tw6fts9OMctz,1
1591976476747,a.JbE7tw6fts9OMctz,1
1591976477251,a.JbE7tw6fts9OMctz,1
1591976477750,a.JbE7tw6fts9OMctz,1
1591976478255,a.JbE7tw6fts9OMctz,1
1591976478752,a.JbE7tw6fts9OMctz,1
1591976479263,a.JbE7tw6fts9OMctz,1
1591976479759,a.JbE7tw6fts9OMctz,1
1591976480251,a.JbE7tw6fts9OMctz,1
1591976480749,a.JbE7tw6fts9OMctz,1
1591976481252,a.JbE7tw6fts9OMctz,1
1591976481751,a.JbE7tw6fts9OMctz,1
1591976482251,a.JbE7tw6fts9OMctz,1
1591976482749,a.JbE7tw6fts9OMctz,1
1591976483255,a.JbE7tw6fts9OMctz,1
1591976483757,a.JbE7tw6fts9OMctz,1
1591976484256,a.JbE7tw6fts9OMctz,1
1591976484756,a.JbE7tw6fts9OMctz,1
1591976485260,a.JbE7tw6fts9OMctz,1
1591976488675,a.USBeLpgoWeq4Juqp,1
1591976489172,a.USBeLpgoWeq4Juqp,1
1591976489680,a.USBeLpgoWeq4Juqp,1
1591976490175,a.USBeLpgoWeq4Juqp,1
1591976492425,a.JbE7tw6fts9OMctz,1
1591976492923,a.JbE7tw6fts9OMctz,1
1591976493426,a.JbE7tw6fts9OMctz,1
1591976493926,a.JbE7tw6fts9OMctz,1
1591976494431,a.JbE7tw6fts9OMctz,1
1591976494946,a.JbE7tw6fts9OMctz,1
1591976495448,a.JbE7tw6fts9OMctz,1
1591976502345,a.JbE7tw6fts9OMctz,1
1591976502839,a.JbE7tw6fts9OMctz,1
1591976503350,a.JbE7tw6fts9OMctz,1
1591976503851,a.JbE7tw6fts9OMctz,1
1591976504348,a.JbE7tw6fts9OMctz,1
1591976504869,a.JbE7tw6fts9OMctz,1
1591976505375,a.JbE7tw6fts9OMctz,1
1591976505873,a.JbE7tw6fts9OMctz,1
1591976513324,a.JbE7tw6fts9OMctz,1
1591976513826,a.JbE7tw6fts9OMctz,1
1591976514328,a.JbE7tw6fts9OMctz,1
1591976514832,a.JbE7tw6fts9OMctz,1
1591976515345,a.JbE7tw6fts9OMctz,1
1591976515838,a.JbE7tw6fts9OMctz,1
1591976516350,a.JbE7tw6fts9OMctz,1
1592076947538,a.USBeLpgoWeq4Juqp,1
1592076958942,a.JbE7tw6fts9OMctz,1
1592076959442,a.JbE7tw6fts9OMctz,1
1592076959941,a.JbE7tw6fts9OMctz,1
1592076960899,a.JbE7tw6fts9OMctz,1
1592076961400,a.JbE7tw6fts9OMctz,1
1592076968695,a.JbE7tw6fts9OMctz,1
1592076969196,a.JbE7tw6fts9OMctz,1
1592076969699,a.JbE7tw6fts9OMctz,1
1592076974890,a.USBeLpgoWeq4Juqp,1
1592076975397,a.USBeLpgoWeq4Juqp,1
1592076975891,a.USBeLpgoWeq4Juqp,1
1592076976391,a.USBeLpgoWeq4Juqp,1
1592076977699,a.JbE7tw6fts9OMctz,1
1592076978198,a.JbE7tw6fts9OMctz,1
1592076978699,a.JbE7tw6fts9OMctz,1
1592076979200,a.JbE7tw6fts9OMctz,1
1592076979701,a.JbE7tw6fts9OMctz,1
1592076980203,a.JbE7tw6fts9OMctz,1
1592076980711,a.JbE7tw6fts9OMctz,1
1592076981208,a.JbE7tw6fts9OMctz,1
1592076981708,a.JbE7tw6fts9OMctz,1
1592077107741,a.JbE7tw6fts9OMctz,1
1592077108236,a.JbE7tw6fts9OMctz,1
1592077108733,a.JbE7tw6fts9OMctz,1
1592077109234,a.JbE7tw6fts9OMctz,1
1592077109738,a.JbE7tw6fts9OMctz,1
1592077110379,a.JbE7tw6fts9OMctz,1
1592077110879,a.JbE7tw6fts9OMctz,1
1592077111379,a.JbE7tw6fts9OMctz,1
1592077111883,a.JbE7tw6fts9OMctz,1
1592077112384,a.JbE7tw6fts9OMctz,1
1592077112880,a.JbE7tw6fts9OMctz,1
1592077115425,a.USBeLpgoWeq4Juqp,1
1592077115939,a.USBeLpgoWeq4Juqp,1
1592077116432,a.USBeLpgoWeq4Juqp,1
1592077116930,a.USBeLpgoWeq4Juqp,1
1592077117854,a.JbE7tw6fts9OMctz,1
1592077118753,a.JbE7tw6fts9OMctz,1
1592077119251,a.JbE7tw6fts9OMctz,1
1592077119762,a.JbE7tw6fts9OMctz,1
1592077120254,a.JbE7tw6fts9OMctz,1
1592077120754,a.JbE7tw6fts9OMctz,1
1592077121255,a.JbE7tw6fts9OMctz,1
1592077121757,a.JbE7tw6fts9OMctz,1
1592077123757,a.USBeLpgoWeq4Juqp,1
1592077124255,a.USBeLpgoWeq4Juqp,1
1592077124777,a.USBeLpgoWeq4Juqp,1
1592077125274,a.USBeLpgoWeq4Juqp,1
1592077128997,a.JbE7tw6fts9OMctz,1
1592077129504,a.JbE7tw6fts9OMctz,1
1592077130003,a.JbE7tw6fts9OMctz,1
1592077133455,a.JbE7tw6fts9OMctz,1
1592077133955,a.JbE7tw6fts9OMctz,1
1592077134456,a.JbE7tw6fts9OMctz,1
1592077135849,a.USBeLpgoWeq4Juqp,1
1592077136349,a.USBeLpgoWeq4Juqp,1
1592077153954,a.USBeLpgoWeq4Juqp,1
1592077165493,a.USBeLpgoWeq4Juqp,1
1592077166125,a.USBeLpgoWeq4Juqp,1
1592077166627,a.USBeLpgoWeq4Juqp,1
1592077167125,a.USBeLpgoWeq4Juqp,1
1592077200143,a.USBeLpgoWeq4Juqp,1
1592077200656,a.USBeLpgoWeq4Juqp,1
1592077201145,a.USBeLpgoWeq4Juqp,1
1592077201650,a.USBeLpgoWeq4Juqp,1
1592077206549,a.USBeLpgoWeq4Juqp,1
1592077207040,a.USBeLpgoWeq4Juqp,1
1592077207542,a.USBeLpgoWeq4Juqp,1
1592077208040,a.USBeLpgoWeq4Juqp,1
1592077210531,a.JbE7tw6fts9OMctz,1
1592077211041,a.JbE7tw6fts9OMctz,1
1592077211531,a.JbE7tw6fts9OMctz,1
1592077212034,a.JbE7tw6fts9OMctz,1
1592077212532,a.JbE7tw6fts9OMctz,1
1592077213034,a.JbE7tw6fts9OMctz,1
1592077213556,a.USBeLpgoWeq4Juqp,1
1592077214056,a.USBeLpgoWeq4Juqp,1
1592077214560,a.USBeLpgoWeq4Juqp,1
1592077215074,a.USBeLpgoWeq4Juqp,1
1592077215579,a.USBeLpgoWeq4Juqp,1
1592077216075,a.USBeLpgoWeq4Juqp,1
1592077226909,a.JbE7tw6fts9OMctz,1
1592077227415,a.JbE7tw6fts9OMctz,1
1592077227912,a.JbE7tw6fts9OMctz,1
1592077234041,a.USBeLpgoWeq4Juqp,1
1592077234545,a.USBeLpgoWeq4Juqp,1
1592077239153,a.USBeLpgoWeq4Juqp,1
1592077239654,a.USBeLpgoWeq4Juqp,1
1592077240157,a.USBeLpgoWeq4Juqp,1
1592077241821,a.USBeLpgoWeq4Juqp,1
1592077242327,a.USBeLpgoWeq4Juqp,1
1592077242831,a.USBeLpgoWeq4Juqp,1
1592077243327,a.USBeLpgoWeq4Juqp,1
1592077243825,a.USBeLpgoWeq4Juqp,1
1592077244325,a.USBeLpgoWeq4Juqp,1
1592077244828,a.USBeLpgoWeq4Juqp,1
